Board,Class,Subject,Chapter Name
CBSE,1,Mathematics,Numbers from 1 to 9
CBSE,1,Mathematics,Numbers from 10 to 20
CBSE,1,Mathematics,Addition
CBSE,1,Mathematics,Subtraction
CBSE,1,Mathematics,Shapes Around Us
CBSE,1,Mathematics,Money
CBSE,1,Mathematics,Time
CBSE,1,Mathematics,Measurement
CBSE,1,The World Around Us,My Body
CBSE,1,The World Around Us,My Family
CBSE,1,The World Around Us,Animals Around Us
CBSE,1,The World Around Us,Plants Around Us
CBSE,1,The World Around Us,Food We Eat
CBSE,1,The World Around Us,Water
CBSE,1,The World Around Us,Day and Night
CBSE,1,English,Alphabet A to M
CBSE,1,English,Alphabet N to Z
CBSE,1,English,Vowels and Consonants
CBSE,1,English,Naming Words
CBSE,1,English,Action Words
CBSE,1,English,Simple Sentences
CBSE,2,Mathematics,Numbers up to 100
CBSE,2,Mathematics,Place Value
CBSE,2,Mathematics,Addition with Carrying
CBSE,2,Mathematics,Subtraction with Borrowing
CBSE,2,Mathematics,Multiplication Tables 2-5
CBSE,2,Mathematics,Patterns
CBSE,2,Mathematics,Money Counting
CBSE,2,Mathematics,Telling Time
CBSE,2,Mathematics,Measurement
CBSE,2,The World Around Us,Living and Non-Living
CBSE,2,The World Around Us,Plants and Their Parts
CBSE,2,The World Around Us,Animals and Their Homes
CBSE,2,The World Around Us,Air Around Us
CBSE,2,The World Around Us,Water Cycle
CBSE,2,The World Around Us,Healthy Food
CBSE,2,The World Around Us,Safety Rules
CBSE,2,The World Around Us,Seasons
CBSE,2,English,Capital and Small Letters
CBSE,2,English,Punctuation
CBSE,2,English,Singular and Plural
CBSE,2,English,Opposites
CBSE,2,English,Rhyming Words
CBSE,2,English,Reading Comprehension
CBSE,2,English,Simple Writing
CBSE,2,English,Words and Meanings
CBSE,3,Mathematics,Numbers up to 1000
CBSE,3,Mathematics,Addition and Subtraction
CBSE,3,Mathematics,Multiplication
CBSE,3,Mathematics,Division
CBSE,3,Mathematics,Fractions
CBSE,3,Mathematics,Measurement
CBSE,3,Mathematics,Money
CBSE,3,Mathematics,Time and Calendar
CBSE,3,Mathematics,Geometry
CBSE,3,Science,Plants - Parts and Functions
CBSE,3,Science,"Animals - Birds, Insects, Fish"
CBSE,3,Science,Our Body
CBSE,3,Science,Food and Health
CBSE,3,Science,"Air, Water, Weather"
CBSE,3,Science,Materials Around Us
CBSE,3,Science,The Earth and Sun
CBSE,3,Science,Light and Shadow
CBSE,3,English,Nouns and Pronouns
CBSE,3,English,Verbs
CBSE,3,English,Adjectives
CBSE,3,English,Tenses Basic
CBSE,3,English,Reading Comprehension
CBSE,3,English,Letter Writing
CBSE,3,English,Story Reading
CBSE,3,English,Poetry
CBSE,4,Mathematics,Numbers up to 10000
CBSE,4,Mathematics,Roman Numerals
CBSE,4,Mathematics,Multiplication and Division
CBSE,4,Mathematics,Fractions and Decimals
CBSE,4,Mathematics,Geometry Shapes
CBSE,4,Mathematics,"Time, Money, Measurement"
CBSE,4,Mathematics,Data Handling
CBSE,4,Mathematics,Patterns
CBSE,4,Mathematics,Problem Solving
CBSE,4,Science,Plants in Detail
CBSE,4,Science,Animals - Habitats and Adaptation
CBSE,4,Science,Human Body and Digestion
CBSE,4,Science,Food and Nutrition
CBSE,4,Science,"Materials, Solids, Liquids, Gases"
CBSE,4,Science,Force and Motion
CBSE,4,Science,The Solar System
CBSE,4,Science,The Water Cycle
CBSE,4,Science,Weather and Climate
CBSE,4,English,Parts of Speech
CBSE,4,English,Tenses
CBSE,4,English,Articles
CBSE,4,English,Punctuation
CBSE,4,English,Letter and Story Writing
CBSE,4,English,Reading Comprehension
CBSE,4,English,Poetry and Rhymes
CBSE,4,English,Conversation Practice
CBSE,5,Mathematics,We the Travellers - I
CBSE,5,Mathematics,Fractions
CBSE,5,Mathematics,Angles as Turns
CBSE,5,Mathematics,We the Travellers - II
CBSE,5,Mathematics,Far and Near
CBSE,5,Mathematics,The Dairy Farm
CBSE,5,Mathematics,Shapes and Patterns
CBSE,5,Mathematics,Weight and Capacity
CBSE,5,Mathematics,Coconut Farm
CBSE,5,Mathematics,Symmetrical Designs
CBSE,5,Mathematics,Grandmother's Quilt
CBSE,5,Mathematics,Racing Seconds
CBSE,5,Mathematics,Animal Jumps
CBSE,5,Mathematics,Maps and Locations
CBSE,5,Mathematics,Data Through Pictures
CBSE,5,The World Around Us,Water - The Essence of Life
CBSE,5,The World Around Us,Journey of a River
CBSE,5,The World Around Us,The Mystery of Food
CBSE,5,The World Around Us,Our School - A Happy Place
CBSE,5,The World Around Us,Our Vibrant Country
CBSE,5,The World Around Us,Some Unique Places
CBSE,5,The World Around Us,Energy - How Things Work
CBSE,5,The World Around Us,Clothes - How Things are Made
CBSE,5,The World Around Us,Rhythms of Nature
CBSE,5,The World Around Us,Earth - Our Shared Home
CBSE,5,English,Papa's Spectacles
CBSE,5,English,Gone with the Scooter
CBSE,5,English,The Rainbow
CBSE,5,English,The Wise Parrot
CBSE,5,English,The Frog
CBSE,5,English,What a Tank!
CBSE,5,English,Gilli Danda
CBSE,5,English,The Decision of the Panchayat
CBSE,5,English,Vocation
CBSE,5,English,Glass Bangles
CBSE,5,Financial Literacy,"What is Money? Coins, Notes & Why We Use It"
CBSE,5,Financial Literacy,Needs vs Wants — Smart Spending
CBSE,5,Financial Literacy,Saving Money — The Piggy Bank Habit
CBSE,6,Mathematics,Patterns in Mathematics
CBSE,6,Mathematics,Lines and Angles
CBSE,6,Mathematics,Number Play
CBSE,6,Mathematics,Data Handling and Presentation
CBSE,6,Mathematics,Prime Time
CBSE,6,Mathematics,Perimeter and Area
CBSE,6,Mathematics,Fractions
CBSE,6,Mathematics,Playing with Constructions
CBSE,6,Mathematics,Symmetry
CBSE,6,Mathematics,The Other Side of Zero
CBSE,6,Science,The Wonderful World of Science
CBSE,6,Science,Diversity in the Living World
CBSE,6,Science,Mindful Eating: A Path to a Healthy Body
CBSE,6,Science,Exploring Magnets
CBSE,6,Science,Measurement of Length and Motion
CBSE,6,Science,Materials Around Us
CBSE,6,Science,Temperature and its Measurement
CBSE,6,Science,A Journey through States of Water
CBSE,6,Science,Methods of Separation in Everyday Life
CBSE,6,Science,Living Creatures: Exploring their Characteristics
CBSE,6,Science,Nature's Treasures
CBSE,6,Science,Beyond Earth
CBSE,6,English,A Bottle of Dew
CBSE,6,English,The Raven and the Fox
CBSE,6,English,Rama to the Rescue
CBSE,6,English,The Unlikely Best Friends
CBSE,6,English,A Friend's Prayer
CBSE,6,English,The Chair
CBSE,6,English,Neem Baba
CBSE,6,English,What a Bird Thought
CBSE,6,English,Spices that Heal Us
CBSE,6,English,Change of Heart
CBSE,6,English,The Winner
CBSE,6,English,Yoga - A Way of Life
CBSE,6,English,Hamara Bharat - Incredible India!
CBSE,6,English,The Kites
CBSE,6,English,Ila Sachani: Embroidering Dreams with her Feet
CBSE,6,English,National War Memorial
CBSE,6,Social Science,Locating Places on the Earth
CBSE,6,Social Science,Oceans and Continents
CBSE,6,Social Science,Landforms and Life
CBSE,6,Social Science,Timeline and Sources of History
CBSE,6,Social Science,"India, That Is Bharat"
CBSE,6,Social Science,The Beginnings of Indian Civilisation
CBSE,6,Social Science,India's Cultural Roots
CBSE,6,Social Science,"Unity in Diversity, or 'Many in the One'"
CBSE,6,Social Science,Family and Community
CBSE,6,Social Science,Grassroots Democracy - Governance
CBSE,6,Social Science,Grassroots Democracy - Rural Local Government
CBSE,6,Social Science,Grassroots Democracy - Urban Local Government
CBSE,6,Social Science,The Value of Work
CBSE,6,Social Science,Economic Activities Around Us
CBSE,6,Financial Literacy,Budgeting — Planning Your Pocket Money
CBSE,6,Financial Literacy,Banks — Where Money Stays Safe
CBSE,7,Mathematics,Large Numbers Around Us
CBSE,7,Mathematics,Arithmetic Expressions
CBSE,7,Mathematics,A Peek Beyond the Point
CBSE,7,Mathematics,Expressions using Letter-Numbers
CBSE,7,Mathematics,Parallel and Intersecting Lines
CBSE,7,Mathematics,Number Play
CBSE,7,Mathematics,A Tale of Three Intersecting Lines
CBSE,7,Mathematics,Working with Fractions
CBSE,7,Mathematics,Geometric Twins
CBSE,7,Mathematics,Operations with Integers
CBSE,7,Mathematics,Finding Common Ground
CBSE,7,Mathematics,Another Peek Beyond the Point
CBSE,7,Mathematics,Connecting the Dots...
CBSE,7,Mathematics,Constructions and Tilings
CBSE,7,Mathematics,Finding the Unknown
CBSE,7,Science,Nutrition in Plants
CBSE,7,Science,Nutrition in Animals
CBSE,7,Science,Heat
CBSE,7,Science,Acids Bases and Salts
CBSE,7,Science,Physical and Chemical Changes
CBSE,7,Science,Respiration in Organisms
CBSE,7,Science,Transportation in Animals and Plants
CBSE,7,Science,Reproduction in Plants
CBSE,7,Science,Motion and Time
CBSE,7,Science,Electric Current and its Effects
CBSE,7,Science,Light
CBSE,7,Science,Forests Our Lifeline
CBSE,7,Science,Wastewater Story
CBSE,7,English,The Day the River Spoke
CBSE,7,English,Try Again
CBSE,7,English,Three Days to See
CBSE,7,English,"Animals, Birds, and Dr. Dolittle"
CBSE,7,English,A Funny Man
CBSE,7,English,Say the Right Thing
CBSE,7,English,My Brother's Great Invention
CBSE,7,English,Paper Boats
CBSE,7,English,"North, South, East, West"
CBSE,7,English,The Tunnel
CBSE,7,English,Travel
CBSE,7,English,Conquering the Summit
CBSE,7,English,A Homage to Our Brave Soldiers
CBSE,7,English,My Dear Soldiers
CBSE,7,English,Rani Abbakka
CBSE,7,Social Science,Geographical Diversity of India
CBSE,7,Social Science,Understanding the Weather
CBSE,7,Social Science,Climate of India
CBSE,7,Social Science,New Beginnings: Cities and States
CBSE,7,Social Science,The Rise of Empires
CBSE,7,Social Science,The Age of Reorganisation
CBSE,7,Social Science,The Gupta Era: An Age of Creativity
CBSE,7,Social Science,How the Land Becomes Sacred
CBSE,7,Social Science,From the Rulers to the Ruled: Types of Governments
CBSE,7,Social Science,The Constitution of India - An Introduction
CBSE,7,Social Science,From Barter to Money
CBSE,7,Social Science,Understanding Markets
CBSE,7,Financial Literacy,Interest — How Money Grows in a Bank
CBSE,7,Financial Literacy,"Digital Money — UPI, Cards & Online Payments"
CBSE,8,Mathematics,A Square and A Cube
CBSE,8,Mathematics,Power Play
CBSE,8,Mathematics,A Story of Numbers
CBSE,8,Mathematics,Quadrilaterals
CBSE,8,Mathematics,Number Play
CBSE,8,Mathematics,"We Distribute, Yet Things Multiply"
CBSE,8,Mathematics,Proportional Reasoning-1
CBSE,8,Mathematics,Fractions in Disguise
CBSE,8,Mathematics,The Baudhayana-Pythagoras Theorem
CBSE,8,Mathematics,Proportional Reasoning-2
CBSE,8,Mathematics,Exploring Some Geometric Themes
CBSE,8,Mathematics,Tales by Dots and Lines
CBSE,8,Mathematics,Algebra Play
CBSE,8,Mathematics,Area
CBSE,8,Science,Crop Production and Management
CBSE,8,Science,Microorganisms - Friend and Foe
CBSE,8,Science,Coal and Petroleum
CBSE,8,Science,Combustion and Flame
CBSE,8,Science,Conservation of Plants and Animals
CBSE,8,Science,Reproduction in Animals
CBSE,8,Science,Reaching the Age of Adolescence
CBSE,8,Science,Force and Pressure
CBSE,8,Science,Friction
CBSE,8,Science,Sound
CBSE,8,Science,Chemical Effects of Electric Current
CBSE,8,Science,Some Natural Phenomena
CBSE,8,Science,Light
CBSE,8,English,The Wit that Won Hearts
CBSE,8,English,A Concrete Example
CBSE,8,English,Wisdom Paves the Way
CBSE,8,English,A Tale of Valour: Major Somnath Sharma and the Battle of Badgam
CBSE,8,English,Somebody's Mother
CBSE,8,English,Verghese Kurien - I Too Had a Dream
CBSE,8,English,The Case of the Fifth Word
CBSE,8,English,The Magic Brush of Dreams
CBSE,8,English,Spectacular Wonders
CBSE,8,English,The Cherry Tree
CBSE,8,English,Harvest Hymn
CBSE,8,English,Waiting for the Rain
CBSE,8,English,Feathered Friend
CBSE,8,English,Magnifying Glass
CBSE,8,English,Bibha Chowdhuri: The Beam of Light that Lit the Path for Women in Indian Science
CBSE,8,Social Science,"How, When and Where"
CBSE,8,Social Science,From Trade to Territory
CBSE,8,Social Science,Ruling the Countryside
CBSE,8,Social Science,"Tribals, Dikus and the Vision of a Golden Age"
CBSE,8,Social Science,When People Rebel: 1857 and After
CBSE,8,Social Science,"Civilising the Native, Educating the Nation"
CBSE,8,Social Science,"Women, Caste and Reform"
CBSE,8,Social Science,The Making of the National Movement: 1870s-1947
CBSE,8,Social Science,Resources
CBSE,8,Social Science,"Land, Soil, Water, Natural Vegetation and Wildlife"
CBSE,8,Social Science,Agriculture
CBSE,8,Social Science,Industries
CBSE,8,Social Science,Human Resources
CBSE,8,Social Science,The Indian Constitution
CBSE,8,Social Science,Understanding Secularism
CBSE,8,Social Science,Parliament and the Making of Laws
CBSE,8,Social Science,Judiciary
CBSE,8,Social Science,Understanding Marginalisation
CBSE,8,Social Science,Confronting Marginalisation
CBSE,8,Social Science,Public Facilities
CBSE,8,Social Science,Law and Social Justice
CBSE,8,Financial Literacy,"Income, Expense & Profit — Running a Small Shop"
CBSE,8,Financial Literacy,Compound Interest & The Power of Time
CBSE,9,Mathematics,Orienting Yourself: The Use of Coordinates
CBSE,9,Mathematics,Introduction to Linear Polynomials
CBSE,9,Mathematics,The World of Numbers
CBSE,9,Mathematics,Exploring Algebraic Identities
CBSE,9,Mathematics,"I am Up and Down, and Round and Round"
CBSE,9,Mathematics,Measuring Space: Perimeter and Area
CBSE,9,Mathematics,The Mathematics of Maybe: Introduction to Probability
CBSE,9,Mathematics,Predicting What Comes Next: Exploring Sequences and Progressions
CBSE,9,Science,Exploration: Entering the World of Secondary Science
CBSE,9,Science,Cell: The Building Block of Life
CBSE,9,Science,Tissues in Action
CBSE,9,Science,Describing Motion Around Us
CBSE,9,Science,Exploring Mixtures and their Separation
CBSE,9,Science,How Forces Affect Motion
CBSE,9,Science,"Work, Energy, and Simple Machines"
CBSE,9,Science,Journey Inside the Atom
CBSE,9,Science,Atomic Foundations of Matter
CBSE,9,Science,Sound Waves: Characteristics and Applications
CBSE,9,Science,Reproduction: How Life Continues
CBSE,9,Science,Patterns in Life: Diversity and Classification
CBSE,9,Science,"Earth as a System: Energy, Matter, and Life"
CBSE,9,English,How I Taught My Grandmother to Read
CBSE,9,English,Bharat Our Land
CBSE,9,English,The Pot Maker
CBSE,9,English,Gifts of Grace: Honouring Our Vocations
CBSE,9,English,Winds of Change
CBSE,9,English,Canvas of Soil
CBSE,9,English,Vitamin-M
CBSE,9,English,I Cannot Remember My Mother
CBSE,9,English,The World of Limitless Possibilities
CBSE,9,English,Nine Gold Medals
CBSE,9,English,Twin Melodies
CBSE,9,English,A Friend Found in Music
CBSE,9,English,Carrier of Words
CBSE,9,English,Words
CBSE,9,English,Follow That Dream
CBSE,9,English,Believe in Yourself
CBSE,9,Social Science,The French Revolution
CBSE,9,Social Science,Socialism in Europe and the Russian Revolution
CBSE,9,Social Science,Nazism and the Rise of Hitler
CBSE,9,Social Science,Forest Society and Colonialism
CBSE,9,Social Science,Pastoralists in the Modern World
CBSE,9,Social Science,India - Size and Location
CBSE,9,Social Science,Physical Features of India
CBSE,9,Social Science,Drainage
CBSE,9,Social Science,Climate
CBSE,9,Social Science,Natural Vegetation and Wildlife
CBSE,9,Social Science,Population
CBSE,9,Social Science,What is Democracy? Why Democracy?
CBSE,9,Social Science,Constitutional Design
CBSE,9,Social Science,Electoral Politics
CBSE,9,Social Science,Working of Institutions
CBSE,9,Social Science,Democratic Rights
CBSE,9,Social Science,The Story of Village Palampur
CBSE,9,Social Science,People as Resource
CBSE,9,Social Science,Poverty as a Challenge
CBSE,9,Social Science,Food Security in India
CBSE,9,Financial Literacy,Inflation — Why Prices Rise Over Time
CBSE,9,Financial Literacy,Saving vs Investing — Making Money Work
CBSE,9,Financial Literacy,What is the Stock Market? Owning a Piece of a Company
CBSE,10,Mathematics,Real Numbers
CBSE,10,Mathematics,Polynomials
CBSE,10,Mathematics,Pair of Linear Equations in Two Variables
CBSE,10,Mathematics,Quadratic Equations
CBSE,10,Mathematics,Arithmetic Progressions
CBSE,10,Mathematics,Triangles
CBSE,10,Mathematics,Coordinate Geometry
CBSE,10,Mathematics,Introduction to Trigonometry
CBSE,10,Mathematics,Some Applications of Trigonometry
CBSE,10,Mathematics,Circles
CBSE,10,Mathematics,Areas Related to Circles
CBSE,10,Mathematics,Surface Areas and Volumes
CBSE,10,Mathematics,Statistics
CBSE,10,Mathematics,Probability
CBSE,10,Physics,Light - Reflection and Refraction
CBSE,10,Physics,The Human Eye and the Colourful World
CBSE,10,Physics,Electricity
CBSE,10,Physics,Magnetic Effects of Electric Current
CBSE,10,Chemistry,Chemical Reactions and Equations
CBSE,10,Chemistry,"Acids, Bases and Salts"
CBSE,10,Chemistry,Metals and Non-metals
CBSE,10,Chemistry,Carbon and its Compounds
CBSE,10,Biology,Life Processes
CBSE,10,Biology,Control and Coordination
CBSE,10,Biology,How do Organisms Reproduce?
CBSE,10,Biology,Heredity
CBSE,10,Biology,Our Environment
CBSE,10,Biology,Sustainable Management of Natural Resources
CBSE,10,Social Science,The Rise of Nationalism in Europe
CBSE,10,Social Science,Nationalism in India
CBSE,10,Social Science,The Making of a Global World
CBSE,10,Social Science,The Age of Industrialisation
CBSE,10,Social Science,Print Culture and the Modern World
CBSE,10,Social Science,Resources and Development
CBSE,10,Social Science,Forest and Wildlife Resources
CBSE,10,Social Science,Water Resources
CBSE,10,Social Science,Agriculture
CBSE,10,Social Science,Minerals and Energy Resources
CBSE,10,Social Science,Manufacturing Industries
CBSE,10,Social Science,Lifelines of National Economy
CBSE,10,Social Science,Power Sharing
CBSE,10,Social Science,Federalism
CBSE,10,Social Science,"Gender, Religion and Caste"
CBSE,10,Social Science,Political Parties
CBSE,10,Social Science,Outcomes of Democracy
CBSE,10,Social Science,Development
CBSE,10,Social Science,Sectors of the Indian Economy
CBSE,10,Social Science,Money and Credit
CBSE,10,Social Science,Globalisation and the Indian Economy
CBSE,10,Social Science,Consumer Rights
CBSE,10,Financial Literacy,Currencies & Exchange Rates — Money Around the World
CBSE,10,Financial Literacy,Mutual Funds & SIP — Investing Made Simple
CBSE,10,Financial Literacy,Gold & Commodities — Real Things People Trade
CBSE,11,Mathematics,Sets
CBSE,11,Mathematics,Relations and Functions
CBSE,11,Mathematics,Trigonometric Functions
CBSE,11,Mathematics,Complex Numbers and Quadratic Equations
CBSE,11,Mathematics,Linear Inequalities
CBSE,11,Mathematics,Permutations and Combinations
CBSE,11,Mathematics,Binomial Theorem
CBSE,11,Mathematics,Sequences and Series
CBSE,11,Mathematics,Straight Lines
CBSE,11,Mathematics,Conic Sections
CBSE,11,Mathematics,Introduction to Three Dimensional Geometry
CBSE,11,Mathematics,Limits and Derivatives
CBSE,11,Mathematics,Statistics
CBSE,11,Mathematics,Probability
CBSE,11,Physics,Units and Measurements
CBSE,11,Physics,Motion in a Straight Line
CBSE,11,Physics,Motion in a Plane
CBSE,11,Physics,Laws of Motion
CBSE,11,Physics,"Work, Energy and Power"
CBSE,11,Physics,System of Particles and Rotational Motion
CBSE,11,Physics,Gravitation
CBSE,11,Physics,Mechanical Properties of Solids
CBSE,11,Physics,Mechanical Properties of Fluids
CBSE,11,Physics,Thermal Properties of Matter
CBSE,11,Physics,Thermodynamics
CBSE,11,Physics,Kinetic Theory
CBSE,11,Physics,Oscillations
CBSE,11,Physics,Waves
CBSE,11,Chemistry,Some Basic Concepts of Chemistry
CBSE,11,Chemistry,Structure of Atom
CBSE,11,Chemistry,Classification of Elements and Periodicity in Properties
CBSE,11,Chemistry,Chemical Bonding and Molecular Structure
CBSE,11,Chemistry,Thermodynamics
CBSE,11,Chemistry,Equilibrium
CBSE,11,Chemistry,Redox Reactions
CBSE,11,Chemistry,Organic Chemistry - Some Basic Principles and Techniques
CBSE,11,Chemistry,Hydrocarbons
CBSE,11,Biology,Animal Kingdom
CBSE,11,Biology,Plant Kingdom
CBSE,11,Biology,Morphology of Flowering Plants
CBSE,11,Biology,Anatomy of Flowering Plants
CBSE,11,Biology,Cell: The Unit of Life
CBSE,11,Biology,Biomolecules
CBSE,11,Biology,Cell Cycle and Cell Division
CBSE,11,Biology,Photosynthesis in Higher Plants
CBSE,11,Biology,Respiration in Plants
CBSE,11,Biology,Breathing and Exchange of Gases
CBSE,11,Biology,Body Fluids and Circulation
CBSE,11,Biology,Excretory Products and their Elimination
CBSE,11,Biology,Neural Control and Coordination
CBSE,11,Biology,Chemical Coordination and Integration
CBSE,11,Financial Literacy,"How the Stock Market Works — Buyers, Sellers & Prices"
CBSE,11,Financial Literacy,"Reading Stocks — Sensex, Nifty & Market Indices"
CBSE,11,Financial Literacy,"Bonds, FDs & Fixed Income — Lending Your Money"
CBSE,11,Financial Literacy,The Oil Market — Why Petrol Prices Change
CBSE,12,Mathematics,Relations and Functions
CBSE,12,Mathematics,Inverse Trigonometric Functions
CBSE,12,Mathematics,Matrices
CBSE,12,Mathematics,Determinants
CBSE,12,Mathematics,Continuity and Differentiability
CBSE,12,Mathematics,Application of Derivatives
CBSE,12,Mathematics,Integrals
CBSE,12,Mathematics,Application of Integrals
CBSE,12,Mathematics,Differential Equations
CBSE,12,Mathematics,Vector Algebra
CBSE,12,Mathematics,Three Dimensional Geometry
CBSE,12,Mathematics,Linear Programming
CBSE,12,Mathematics,Probability
CBSE,12,Physics,Electric Charges and Fields
CBSE,12,Physics,Electrostatic Potential and Capacitance
CBSE,12,Physics,Current Electricity
CBSE,12,Physics,Moving Charges and Magnetism
CBSE,12,Physics,Magnetism and Matter
CBSE,12,Physics,Electromagnetic Induction
CBSE,12,Physics,Alternating Current
CBSE,12,Physics,Electromagnetic Waves
CBSE,12,Physics,Ray Optics and Optical Instruments
CBSE,12,Physics,Wave Optics
CBSE,12,Physics,Dual Nature of Radiation and Matter
CBSE,12,Physics,Atoms
CBSE,12,Physics,Nuclei
CBSE,12,Physics,Semiconductor Electronics
CBSE,12,Chemistry,Solutions
CBSE,12,Chemistry,Electrochemistry
CBSE,12,Chemistry,Chemical Kinetics
CBSE,12,Chemistry,The d- and f- Block Elements
CBSE,12,Chemistry,Coordination Compounds
CBSE,12,Chemistry,Haloalkanes and Haloarenes
CBSE,12,Chemistry,"Alcohols, Phenols and Ethers"
CBSE,12,Chemistry,"Aldehydes, Ketones and Carboxylic Acids"
CBSE,12,Chemistry,Amines
CBSE,12,Chemistry,Biomolecules
CBSE,12,Biology,Sexual Reproduction in Flowering Plants
CBSE,12,Biology,Human Reproduction
CBSE,12,Biology,Reproductive Health
CBSE,12,Biology,Principles of Inheritance and Variation
CBSE,12,Biology,Molecular Basis of Inheritance
CBSE,12,Biology,Evolution
CBSE,12,Biology,Human Health and Disease
CBSE,12,Biology,Microbes in Human Welfare
CBSE,12,Biology,Biotechnology - Principles and Processes
CBSE,12,Biology,Biotechnology and its Applications
CBSE,12,Biology,Organisms and Populations
CBSE,12,Biology,Ecosystem
CBSE,12,Biology,Biodiversity and Conservation
CBSE,12,Financial Literacy,Trading vs Investing — Time Horizons & Strategy
CBSE,12,Financial Literacy,Derivatives — Futures & Options Explained Simply
CBSE,12,Financial Literacy,"Forex & Global Trade — Imports, Exports & Balance"
CBSE,12,Financial Literacy,"Building a Portfolio — Risk, Return & Diversification"
CBSE,12,Financial Literacy,"Taxes, Insurance & Smart Money Habits for Life"
